device_id,f_call_duration_incoming_calls_seconds_ev_wkdy_half_sem_2017-01-18,f_call_duration_incoming_calls_seconds_ev_wkdy_half_sem_2017-03-01,f_call_duration_incoming_calls_seconds_family_ev_wkdy_half_sem_2017-01-18,f_call_duration_incoming_calls_seconds_family_ev_wkdy_half_sem_2017-03-01,f_call_duration_incoming_calls_seconds_friends_on_campus_ev_wkdy_half_sem_2017-01-18,f_call_duration_incoming_calls_seconds_friends_on_campus_ev_wkdy_half_sem_2017-03-01,f_call_duration_incoming_calls_seconds_friends_outside_of_campus_ev_wkdy_half_sem_2017-01-18,f_call_duration_incoming_calls_seconds_friends_outside_of_campus_ev_wkdy_half_sem_2017-03-01,f_call_duration_outgoing_calls_seconds_ev_wkdy_half_sem_2017-01-18,f_call_duration_outgoing_calls_seconds_ev_wkdy_half_sem_2017-03-01,f_call_duration_outgoing_calls_seconds_family_ev_wkdy_half_sem_2017-01-18,f_call_duration_outgoing_calls_seconds_family_ev_wkdy_half_sem_2017-03-01,f_call_duration_outgoing_calls_seconds_friends_on_campus_ev_wkdy_half_sem_2017-01-18,f_call_duration_outgoing_calls_seconds_friends_on_campus_ev_wkdy_half_sem_2017-03-01,f_call_duration_outgoing_calls_seconds_friends_outside_of_campus_ev_wkdy_half_sem_2017-01-18,f_call_duration_outgoing_calls_seconds_friends_outside_of_campus_ev_wkdy_half_sem_2017-03-01,f_call_most_frequent_correspondent_phone_ev_wkdy_half_sem_2017-01-18,f_call_most_frequent_correspondent_phone_ev_wkdy_half_sem_2017-03-01,f_call_most_frequent_correspondent_phone_family_ev_wkdy_half_sem_2017-01-18,f_call_most_frequent_correspondent_phone_family_ev_wkdy_half_sem_2017-03-01,f_call_most_frequent_correspondent_phone_friends_on_campus_ev_wkdy_half_sem_2017-01-18,f_call_most_frequent_correspondent_phone_friends_on_campus_ev_wkdy_half_sem_2017-03-01,f_call_most_frequent_correspondent_phone_friends_outside_of_campus_ev_wkdy_half_sem_2017-01-18,f_call_most_frequent_correspondent_phone_friends_outside_of_campus_ev_wkdy_half_sem_2017-03-01,f_call_number_incoming_calls_ev_wkdy_half_sem_2017-01-18,f_call_number_incoming_calls_ev_wkdy_half_sem_2017-03-01,f_call_number_incoming_calls_family_ev_wkdy_half_sem_2017-01-18,f_call_number_incoming_calls_family_ev_wkdy_half_sem_2017-03-01,f_call_number_incoming_calls_friends_on_campus_ev_wkdy_half_sem_2017-01-18,f_call_number_incoming_calls_friends_on_campus_ev_wkdy_half_sem_2017-03-01,f_call_number_incoming_calls_friends_outside_of_campus_ev_wkdy_half_sem_2017-01-18,f_call_number_incoming_calls_friends_outside_of_campus_ev_wkdy_half_sem_2017-03-01,f_call_number_missed_calls_ev_wkdy_half_sem_2017-01-18,f_call_number_missed_calls_ev_wkdy_half_sem_2017-03-01,f_call_number_missed_calls_family_ev_wkdy_half_sem_2017-01-18,f_call_number_missed_calls_family_ev_wkdy_half_sem_2017-03-01,f_call_number_missed_calls_friends_on_campus_ev_wkdy_half_sem_2017-01-18,f_call_number_missed_calls_friends_on_campus_ev_wkdy_half_sem_2017-03-01,f_call_number_missed_calls_friends_outside_of_campus_ev_wkdy_half_sem_2017-01-18,f_call_number_missed_calls_friends_outside_of_campus_ev_wkdy_half_sem_2017-03-01,f_call_number_of_correspondents_phone_ev_wkdy_half_sem_2017-01-18,f_call_number_of_correspondents_phone_ev_wkdy_half_sem_2017-03-01,f_call_number_of_correspondents_phone_family_ev_wkdy_half_sem_2017-01-18,f_call_number_of_correspondents_phone_family_ev_wkdy_half_sem_2017-03-01,f_call_number_of_correspondents_phone_friends_on_campus_ev_wkdy_half_sem_2017-01-18,f_call_number_of_correspondents_phone_friends_on_campus_ev_wkdy_half_sem_2017-03-01,f_call_number_of_correspondents_phone_friends_outside_of_campus_ev_wkdy_half_sem_2017-01-18,f_call_number_of_correspondents_phone_friends_outside_of_campus_ev_wkdy_half_sem_2017-03-01,f_call_number_outgoing_calls_ev_wkdy_half_sem_2017-01-18,f_call_number_outgoing_calls_ev_wkdy_half_sem_2017-03-01,f_call_number_outgoing_calls_family_ev_wkdy_half_sem_2017-01-18,f_call_number_outgoing_calls_family_ev_wkdy_half_sem_2017-03-01,f_call_number_outgoing_calls_friends_on_campus_ev_wkdy_half_sem_2017-01-18,f_call_number_outgoing_calls_friends_on_campus_ev_wkdy_half_sem_2017-03-01,f_call_number_outgoing_calls_friends_outside_of_campus_ev_wkdy_half_sem_2017-01-18,f_call_number_outgoing_calls_friends_outside_of_campus_ev_wkdy_half_sem_2017-03-01,f_call_number_rows_calls_ev_wkdy_half_sem_2017-01-18,f_call_number_rows_calls_ev_wkdy_half_sem_2017-03-01
0d25f3b7-d43e-4ccf-a8ed-e1feb0aa40aa,0.0,0.0,,,,,,,205.0,252.0,,,,,,,022E83DC-F7D4-4418-A3D4-CCB739360EF7,1FB2B4F4-224B-48C6-8444-8914AD4862B7,,,,,,,5.0,7.0,,,,,,,16.0,12.0,,,,,,,21.0,19.0,,,,,,,18.0,16.0,,,,,,,55.0,50.0
0d8b3688-0cba-4323-85fe-00f15785de38,0.0,0.0,,,,,,,110.0,187.0,,,,,,,1D83E221-E034-4190-968B-4B04FEA35291,0D3FFD1C-4F9D-4D20-B362-2EF9136F2BCA,,,,,,,8.0,15.0,,,,,,,8.0,12.0,,,,,,,16.0,27.0,,,,,,,15.0,16.0,,,,,,,39.0,63.0
1391f4f7-4e70-4d67-92f1-db819e07c0c9,,0.0,,,,,,,,258.0,,,,,,,,4f48bf928ecc70d8dbd04d30ba6e999b91189e0a,,,,,,,,0.0,,,,,,,,1.0,,,,,,,,4.0,,,,,,,,3.0,,,,,,,,4.0
15d016f2-a52e-4f2d-85ac-f32c2c4526db,0.0,0.0,,,,,,,20.0,23.0,,,,,,,3A1A2982-3B86-4FB7-8D6C-4D6BD1749885,7B7E8641-954E-4170-ABC1-024C33F68556,,,,,,,1.0,2.0,,,,,,,3.0,6.0,,,,,,,4.0,8.0,,,,,,,4.0,4.0,,,,,,,10.0,18.0
165de20b-6080-4f1d-9354-ec66de50263c,0.0,0.0,,,,,,,49.0,166.0,,,,,,,2984D585-0C4E-425C-98F6-2E0519B89E97,02D6313B-38EA-46B5-9208-0723899D0CE7,,,,,,,3.0,5.0,,,,,,,4.0,13.0,,,,,,,8.0,18.0,,,,,,,3.0,12.0,,,,,,,17.0,43.0
174bcad9-6cf8-4f97-bcc5-38a6f4c42c1d,0.0,0.0,,,,,,,296.0,493.0,,,,,,,0BFBFA6B-DE4F-483A-9793-7226FA3B34B9,070A71F7-4CE5-462D-86E7-789E9E8A22E6,,,,,,,30.0,51.0,,,,,,,24.0,36.0,,,,,,,54.0,87.0,,,,,,,28.0,49.0,,,,,,,127.0,214.0
17c8318d-0d75-41a8-bfef-eb8c043db1fb,0.0,0.0,,,,,,,278.0,903.0,,,,,,,0599491C-2652-4A65-9527-8C2F9D177761,0672F676-12EA-49BE-9F0A-65CAB629223F,,,,,,,11.0,34.0,,,,,,,15.0,60.0,,,,,,,26.0,94.0,,,,,,,15.0,74.0,,,,,,,65.0,245.0
182bbb8f-cd30-4958-9342-ce0c91659810,83.0,1993.0,,,,,,,0.0,7427.0,,,,,,,315aa11a4bf5dcf01f9d75b90f4a2d15d59f7115,61d1c3b52410d4e25be7b98753e1d1482eac6b2d,,,,,,,1.0,7.0,,,,,,,0.0,1.0,,,,,,,1.0,9.0,,,,,,,0.0,17.0,,,,,,,1.0,25.0
1973b69d-5fe7-4ff7-94bb-17d5d875499f,0.0,0.0,,,,,,,27.0,102.0,,,,,,,42C7CE45-2FA8-4520-932B-7571E3376278,0F158E20-3CEB-4F0E-9CA6-5D879B117123,,,,,,,6.0,15.0,,,,,,,1.0,8.0,,,,,,,7.0,23.0,,,,,,,6.0,17.0,,,,,,,18.0,59.0
1a4011ac-0990-4560-8e1a-f9f07b54b7ec,0.0,0.0,,,,,,,41.0,142.0,,,,,,,39715FE1-F829-4BF4-ADD9-9005E8DAF04A,0D1A9A7D-C046-487C-9C43-EAF29DD10EDF,,,,,,,7.0,7.0,,,,,,,1.0,9.0,,,,,,,8.0,17.0,,,,,,,3.0,11.0,,,,,,,17.0,43.0
1be1f081-12eb-4151-bee7-04f39b0ada17,5636.0,4638.0,,,,,,,499.0,2110.0,,,,,,,1b7051ea02bed425e782ff5e597b1e900a35449e,bba38ff138aac8ab30421e26c87d3bbc52dac882,,,,,,,11.0,18.0,,,,,,,4.0,6.0,,,,,,,9.0,12.0,,,,,,,13.0,26.0,,,,,,,28.0,50.0
1bf4883c-0056-4d72-bd4a-de1f3aec0387,0.0,0.0,,,,,,,19.0,11.0,,,,,,,6670317C-B69B-4726-A8D9-04B993D4D093,69DDD933-6B18-4BD3-8D2F-CFD81D01D6EF,,,,,,,4.0,1.0,,,,,,,2.0,1.0,,,,,,,6.0,2.0,,,,,,,3.0,2.0,,,,,,,15.0,6.0
1c67b4f0-964c-4aef-83a1-89a0248f80b3,0.0,0.0,,,,,,,54.0,100.0,,,,,,,036B8A0E-D041-4582-A7C3-19E3A5E2AC8E,054936EE-AC27-4EC6-8FFC-89647E3080A5,,,,,,,16.0,15.0,,,,,,,4.0,12.0,,,,,,,20.0,27.0,,,,,,,11.0,18.0,,,,,,,51.0,70.0
1e3ed4f9-8c22-4b96-8a5c-c324582b9860,0.0,0.0,,,,,,,244.0,259.0,,,,,,,0634F9CE-7314-460D-BC32-90A6F0310546,0EB2F828-A986-4697-9586-0497D864580A,,,,,,,3.0,12.0,,,,,,,18.0,12.0,,,,,,,21.0,24.0,,,,,,,20.0,19.0,,,,,,,61.0,64.0
1e6cee1a-1bce-45b5-9cef-eab3084a5187,0.0,0.0,,,,,,,53.0,117.0,,,,,,,0E7F344F-25BA-4B68-9437-02C46D95A968,088BE842-0385-4D0F-A057-C13572EB73EF,,,,,,,2.0,13.0,,,,,,,6.0,12.0,,,,,,,9.0,25.0,,,,,,,5.0,19.0,,,,,,,21.0,68.0
1e6e0199-be64-4525-9b86-ae0038022368,,0.0,,,,,,,,42.0,,,,,,,,1F59EA02-6FD1-4687-AE74-63274D73BCAD,,,,,,,,3.0,,,,,,,,2.0,,,,,,,,5.0,,,,,,,,5.0,,,,,,,,13.0
209854a0-471d-42fa-856f-54b5d1948481,8619.0,3444.0,,,,,,,13514.0,7554.0,,,,,,,1f4f69b5e278b20d6d421525cb8dce8f9e646f00,1f4f69b5e278b20d6d421525cb8dce8f9e646f00,,,,,,,12.0,8.0,,,,,,,2.0,5.0,,,,,,,10.0,12.0,,,,,,,24.0,27.0,,,,,,,38.0,40.0
24f7d497-1c92-4372-976d-81dd15d7b1fb,,0.0,,,,,,,,502.0,,,,,,,,000C3B08-8979-4889-AF3D-7F9E97590B5D,,,,,,,,26.0,,,,,,,,30.0,,,,,,,,56.0,,,,,,,,46.0,,,,,,,,152.0
2cafda94-dca2-4401-ae3c-aa1bdf3ce6ca,,0.0,,,,,,,,0.0,,,,,,,,3164e84ee697a1ad333d74ceb6981d4f09279512,,,,,,,,1.0,,,,,,,,0.0,,,,,,,,1.0,,,,,,,,1.0,,,,,,,,2.0
2dd9d631-d2d5-4afa-9d1f-0a3eac129ec0,2102.0,1224.0,,,,,,,2351.0,1500.0,,,,,,,556d9ddfba67ba617dfa83dae9340545b438d978,f46968da19ecd04f52a3b2c15c8b72d649ffe476,,,,,,,14.0,7.0,,,,,,,15.0,7.0,,,,,,,20.0,8.0,,,,,,,34.0,16.0,,,,,,,63.0,30.0
2ef2702c-0c30-40d8-91c0-35ad8829465b,302.0,9854.0,,,,,,,3911.0,1769.0,,,,,,,0873fbbc3957830ec394e9ddca911beec960874e,d80a3545974de454810c1727303435e43d51177e,,,,,,,4.0,23.0,,,,,,,20.0,14.0,,,,,,,18.0,21.0,,,,,,,13.0,15.0,,,,,,,37.0,52.0
2fb7fbc1-068f-4a54-a8ee-a41c99d0f7da,0.0,0.0,,,,,,,119.0,382.0,,,,,,,34D4AE38-87F1-4E08-9778-FB6CEAAE61CD,057EF413-BCB1-4317-943B-88AB2BC76A3E,,,,,,,6.0,7.0,,,,,,,11.0,30.0,,,,,,,17.0,39.0,,,,,,,12.0,33.0,,,,,,,40.0,107.0
318f91af-9b11-42f5-bdcd-7c9e35761da5,0.0,0.0,,,,,,,47.0,48.0,,,,,,,657363E8-B569-4704-8F46-F84C7A0185BE,4362AB5F-CC25-4D41-99C2-80F83AA1F866,,,,,,,3.0,3.0,,,,,,,1.0,2.0,,,,,,,4.0,5.0,,,,,,,2.0,2.0,,,,,,,9.0,12.0
31c395a9-0128-46df-a90c-73160f0854b4,0.0,0.0,,,,,,,215.0,397.0,,,,,,,0BE6224F-3625-4229-86DE-47BD4B0C464C,11056087-3225-44C9-8C49-65A6076E391C,,,,,,,4.0,13.0,,,,,,,11.0,25.0,,,,,,,15.0,38.0,,,,,,,12.0,32.0,,,,,,,40.0,106.0
3258d5c4-4f3f-4722-966a-1bd619c9229f,3421.0,302.0,887,263,,,,,0.0,31.0,0,31,,,,,b60e3c5676acdabee0608a3b7bafa40e4aabec27,d3f60607b44e09d72a60965024e2a20c525142da,d3f60607b44e09d72a60965024e2a20c525142da,d3f60607b44e09d72a60965024e2a20c525142da,,,,,2.0,3.0,1,2,,,,,0.0,0.0,0,0,,,,,2.0,3.0,1,2,,,,,0.0,1.0,0,1,,,,,2.0,4.0
32d4b802-7471-49bd-ad59-e663b0d98682,0.0,0.0,,,,,,,13.0,186.0,,,,,,,2BF8478E-A92A-4750-B056-F3580C9AA9C5,01993F26-E9A1-4FBE-A52A-D42CCD4D5CA7,,,,,,,2.0,14.0,,,,,,,2.0,7.0,,,,,,,4.0,21.0,,,,,,,2.0,16.0,,,,,,,10.0,57.0
34944ff7-1853-4fec-8d7d-73fc52bfa824,303.0,861.0,,,0.0,,,,3502.0,649.0,,,3.0,,,,56ef2703bb0fd701a474025dd62db124732c30ab,3a648af81e6b64c11b7f91f1c82a69401d495b93,,,ba633ce1d89c75f4b4264bcf829cab508218a663,,,,6.0,9.0,,,0.0,,,,2.0,4.0,,,0.0,,,,14.0,14.0,,,1.0,,,,17.0,13.0,,,1.0,,,,25.0,26.0
36492618-666c-4b87-9770-bcb67d2ca3de,1301.0,6175.0,,,0,0,,,8353.0,10956.0,,,4,0,,,e44c9d8248f60b06951cbbcac1d23c2f123dcdda,707b51af3a05b70aac6f4aaa642c79ff04479303,,,736116e9073017865e0a162cf65f263afcc64e00,736116e9073017865e0a162cf65f263afcc64e00,,,8.0,16.0,,,0,0,,,2.0,3.0,,,0,0,,,13.0,23.0,,,2,1,,,17.0,42.0,,,2,1,,,27.0,61.0
3698dbcf-6b9e-4b00-a15a-f2cb26e6639d,0.0,0.0,,,,,,,50.0,156.0,,,,,,,209EDFA6-8FA1-4D54-947A-1DCBD8BA6EEE,32FD5B51-0ACF-49AE-B222-48D66BAF5125,,,,,,,6.0,13.0,,,,,,,2.0,11.0,,,,,,,8.0,24.0,,,,,,,4.0,16.0,,,,,,,20.0,61.0
38861b6b-d04b-4f1f-8c17-c3c0a9f0a221,0.0,0.0,,,,,,,16.0,129.0,,,,,,,0A2ABF19-950F-4CF7-A3A7-4E06A9AF419B,032D97E5-9B1F-4E0F-9931-F0B0AFC1D5E4,,,,,,,2.0,10.0,,,,,,,2.0,9.0,,,,,,,4.0,19.0,,,,,,,2.0,14.0,,,,,,,8.0,48.0
38edf5e3-bd76-4ec3-b1fc-c134915743c7,0.0,0.0,,,,,,,149.0,113.0,,,,,,,229D3C12-E163-4107-B52C-C06072C5D927,054FE38F-2E2D-446F-8833-86AA0FD67190,,,,,,,3.0,5.0,,,,,,,7.0,7.0,,,,,,,10.0,12.0,,,,,,,10.0,8.0,,,,,,,28.0,31.0
395bf3f4-ec02-494f-8f45-30ab62eda8e7,0.0,0.0,,,,,,,205.0,236.0,,,,,,,08178335-84A6-4332-8D1C-A25C70FECF8F,05F3E339-2A0A-44F4-96A0-23CE08A28FAD,,,,,,,11.0,15.0,,,,,,,11.0,13.0,,,,,,,22.0,28.0,,,,,,,18.0,24.0,,,,,,,55.0,75.0
3b9d6c27-13cc-47d9-b00e-af2e0d3d0009,0.0,0.0,,,,,,,159.0,449.0,,,,,,,18FF9E0B-CCD8-4ED9-B7F4-DD2D03068397,0A8D8EBE-C826-4800-B95F-EF6ED8C410FB,,,,,,,8.0,6.0,,,,,,,24.0,43.0,,,,,,,32.0,49.0,,,,,,,20.0,38.0,,,,,,,82.0,132.0
3bf51a01-8625-4c9b-a16c-24d10ccf8ae5,0.0,0.0,,,,,,,224.0,1.0,,,,,,,067A1FA7-1B36-4F14-BD80-03CCDE2A1221,FC076D4F-8D45-4C8F-82EE-6DF54076179D,,,,,,,19.0,3.0,,,,,,,12.0,0.0,,,,,,,31.0,3.0,,,,,,,26.0,1.0,,,,,,,84.0,7.0
3dcb435d-656f-405f-81a1-49f7eae6c25e,0.0,1400.0,,,0,58,,,763.0,2832.0,,,0,50,,,182812e53c93f1e4c031b6bda84662c9ffda4dd5,bc17fbc9e4946c0fa555cd1b29c142122e4df063,,,bc17fbc9e4946c0fa555cd1b29c142122e4df063,bc17fbc9e4946c0fa555cd1b29c142122e4df063,,,0.0,11.0,,,0,1,,,2.0,10.0,,,1,6,,,4.0,16.0,,,1,1,,,3.0,11.0,,,0,1,,,5.0,32.0
3fa86602-fc33-4c6f-9b3e-2cebd95104ee,0.0,0.0,,,,,,,33.0,19.0,,,,,,,937973D3-C1EC-4F51-A24C-F08CD7C51B09,1B7E2A96-5C2A-4D17-A936-4A130A9F20F6,,,,,,,3.0,5.0,,,,,,,1.0,1.0,,,,,,,4.0,6.0,,,,,,,2.0,3.0,,,,,,,9.0,14.0
3ff2b7eb-622c-4ae9-9d89-7d2af5430d34,0.0,0.0,,,,,,,228.0,461.0,,,,,,,18F091A5-6EC4-47A0-828E-B504A5BDEB70,08CD24A7-B7B5-4C1E-A41D-636A3D5203F1,,,,,,,8.0,14.0,,,,,,,14.0,33.0,,,,,,,22.0,47.0,,,,,,,16.0,34.0,,,,,,,54.0,115.0
417abe6d-ef78-4f01-b632-844af6cb8fe7,0.0,0.0,,,,,,,217.0,119.0,,,,,,,15AC6D9B-F5F0-48AB-9048-FA0E20A0E9AB,30C30B7E-E9D4-4937-8B09-AB475BF89CAF,,,,,,,5.0,6.0,,,,,,,10.0,9.0,,,,,,,15.0,15.0,,,,,,,15.0,13.0,,,,,,,44.0,40.0
447a64e5-f754-4082-b0fa-0000f34eeda8,0.0,0.0,,,,,,,237.0,272.0,,,,,,,24C79687-70CC-4813-9C90-7869E4977A9D,09110320-0648-4CF2-896D-E87477885918,,,,,,,2.0,6.0,,,,,,,17.0,20.0,,,,,,,19.0,26.0,,,,,,,14.0,22.0,,,,,,,49.0,73.0
44ff689e-4138-43cc-8f6d-2d8323125ee1,,1403.0,,,,,,,,8519.0,,,,,,,,97afbe57922df79422cd97d055064a6762cd693f,,,,,,,,11.0,,,,,,,,6.0,,,,,,,,17.0,,,,,,,,44.0,,,,,,,,61.0
4522b36a-6215-4768-b42a-55e79677d4ec,0.0,643.0,,0.0,,,,,86.0,650.0,,504.0,,,,,b870763d63db3555237062b5fea2cc62f45d503c,142cfa9d2cb9dcaaabefb266a66fdab6535404f9,,b0cbe1aadc63eeb1eb9322d81d21489058db12c3,,,,,0.0,2.0,,0.0,,,,,0.0,0.0,,0.0,,,,,1.0,6.0,,1.0,,,,,1.0,4.0,,1.0,,,,,1.0,6.0
49b6c762-deaf-4cbf-8cb6-557ca65d395c,3573.0,1210.0,0,307,,,,,1082.0,2393.0,933,1478,,,,,adb93561e5cb8968daff0443a8289f5215789ef0,ee84647d2ce9f368fa7805b2c4eeff226ad29f86,cc6376bc8dfa76e73ae8a3fe39b82bf418dbf090,cc6376bc8dfa76e73ae8a3fe39b82bf418dbf090,,,,,12.0,9.0,0,1,,,,,6.0,9.0,0,0,,,,,10.0,14.0,1,1,,,,,8.0,24.0,3,5,,,,,26.0,42.0
4ba3ace5-f982-49c5-883a-0329d059d431,0.0,0.0,,,,,,,194.0,476.0,,,,,,,16198093-0E01-45FC-9BEE-7A0E24F2C4E6,0F25000A-A840-4384-A3BB-FC3501158B8D,,,,,,,33.0,42.0,,,,,,,27.0,49.0,,,,,,,61.0,93.0,,,,,,,22.0,38.0,,,,,,,129.0,202.0
4de0beb1-cfa8-4410-809d-d05322b1a0c8,0.0,0.0,,,,,,,218.0,175.0,,,,,,,16F4B636-34B1-43E0-897B-359C00A05DF6,223C70B3-5FA0-43CF-B691-75F25BA214E9,,,,,,,8.0,10.0,,,,,,,17.0,13.0,,,,,,,25.0,24.0,,,,,,,21.0,16.0,,,,,,,67.0,57.0
4e20289a-32ca-47be-a2c5-f0bd66ab9176,0.0,0.0,,,,,,,56.0,195.0,,,,,,,61623A65-4301-4E2B-9969-4A0D871EF0B8,05A09E62-EC87-4E40-A907-445765248FE0,,,,,,,12.0,13.0,,,,,,,7.0,17.0,,,,,,,20.0,30.0,,,,,,,10.0,20.0,,,,,,,48.0,76.0
5542666d-5bf4-4a1b-b17c-e3580c4cd773,0.0,0.0,,,,,,,98.0,345.0,,,,,,,1744B710-26DE-479C-BC96-DF3740A2F30C,0B42B8C3-6914-4758-8020-698EFB3ED65D,,,,,,,6.0,14.0,,,,,,,6.0,23.0,,,,,,,12.0,39.0,,,,,,,9.0,31.0,,,,,,,29.0,93.0
5792d203-ec62-4b40-b0a2-29969224e3fb,0.0,0.0,,,,,,,104.0,270.0,,,,,,,0EA3F783-AC8D-43A5-87F9-3A9DC50D091E,0CE0CCAF-90B3-4F6B-80BB-595013CDAB88,,,,,,,11.0,26.0,,,,,,,2.0,21.0,,,,,,,13.0,47.0,,,,,,,9.0,28.0,,,,,,,33.0,118.0
5a5e44dd-1b8f-4c26-ba16-65593a8b59eb,0.0,0.0,,,,,,,153.0,280.0,,,,,,,342998F3-737A-43FD-BDBA-A165CD175641,1557EF9C-5350-4A6A-9CB1-5891A2B692E4,,,,,,,3.0,21.0,,,,,,,14.0,17.0,,,,,,,17.0,38.0,,,,,,,12.0,22.0,,,,,,,40.0,93.0
5a6686fd-5017-4c17-9dd4-4081d5448b7d,0.0,0.0,,,,,,,20.0,37.0,,,,,,,9693B445-0BD8-41CA-863F-46AA4F07A286,26F53916-9A67-4364-8060-44D7286059DA,,,,,,,8.0,9.0,,,,,,,2.0,2.0,,,,,,,10.0,12.0,,,,,,,4.0,6.0,,,,,,,22.0,26.0
5d02f383-d24c-4902-b728-1380c99105ee,1500.0,4771.0,,,,,,,3027.0,13791.0,,,,,,,15460c526badb071fee87033cb8276a6ca124b2d,e39b63dd07938a58b1da4c9b737afa2b0b44de61,,,,,,,17.0,57.0,,,,,,,11.0,23.0,,,,,,,20.0,37.0,,,,,,,33.0,108.0,,,,,,,61.0,188.0
626aaffc-c174-48ca-a179-cab025b9bc98,0.0,0.0,,,,,,,316.0,202.0,,,,,,,42D1E3FD-9E2D-4359-A9D7-0D080BE2F570,015E6405-1FF3-43C1-8ECF-A53BDCAA7C35,,,,,,,5.0,14.0,,,,,,,21.0,14.0,,,,,,,26.0,28.0,,,,,,,23.0,20.0,,,,,,,63.0,69.0
649357ac-11ab-4fc7-acd2-816a3844d81b,1333.0,424.0,,,,,,,2412.0,26.0,,,,,,,c8dcaa352349a1bf5e1c563b58ebf3e696c86160,05244f500c83a05b9bc60880e12261edf5ac2c9e,,,,,,,3.0,8.0,,,,,,,1.0,1.0,,,,,,,5.0,6.0,,,,,,,2.0,2.0,,,,,,,6.0,11.0
64e25c38-ee68-4e06-8990-09ba71759cf1,0.0,2227.0,,,,,,,3114.0,6255.0,,,,,,,5514554fe850b7845220748fcb56ba7984a69ce0,5514554fe850b7845220748fcb56ba7984a69ce0,,,,,,,0.0,6.0,,,,,,,0.0,0.0,,,,,,,1.0,8.0,,,,,,,3.0,11.0,,,,,,,3.0,17.0
65e91776-4319-4b41-ae66-28db6473fc60,0.0,0.0,,,,,,,329.0,272.0,,,,,,,118F5B1A-53B3-4EAC-B17D-0F6F6BDFB7C8,0A5BDD8E-49F1-4571-B7D8-D49802F274E2,,,,,,,25.0,51.0,,,,,,,20.0,12.0,,,,,,,45.0,63.0,,,,,,,33.0,32.0,,,,,,,116.0,149.0
65f4b507-b48a-416d-ac1f-2678e3f954d8,0.0,0.0,,,,,,,13.0,128.0,,,,,,,500CEAC8-AB2E-46CF-B216-0662D990589E,4FE9B54D-0632-463E-BBED-3DDFDC779BC1,,,,,,,3.0,4.0,,,,,,,1.0,6.0,,,,,,,4.0,10.0,,,,,,,3.0,8.0,,,,,,,11.0,26.0
66368d24-f87e-4db0-ab9d-c450c33becf3,0.0,0.0,,,,,,,428.0,141.0,,,,,,,01C2275F-06D1-4CB2-9B90-549CA2A28A88,0A6E9711-92BB-4666-8342-DA99EC66FDA3,,,,,,,17.0,15.0,,,,,,,25.0,2.0,,,,,,,42.0,17.0,,,,,,,35.0,16.0,,,,,,,113.0,47.0
66b66952-ae50-46c4-8f79-1d2117ac6691,0.0,1.0,,,,,,,23.0,3220.0,,,,,,,40f74cb274fac43ed295965a75b418e71bc79288,137c11ac6482d26564c24f9d161a4030f3dd0f43,,,,,,,0.0,2.0,,,,,,,0.0,3.0,,,,,,,1.0,7.0,,,,,,,1.0,4.0,,,,,,,1.0,9.0
687020d4-2b4c-483d-9124-ca34195f8af7,0.0,0.0,,,,,,,109.0,262.0,,,,,,,0E619F93-3603-4CC5-A5B7-E9B766555905,1004CFF5-1983-42E8-A7B1-8F5817353D40,,,,,,,9.0,10.0,,,,,,,20.0,25.0,,,,,,,29.0,35.0,,,,,,,16.0,28.0,,,,,,,60.0,84.0
699a92cf-42b7-4a29-bd1b-edf43d06dd54,1921.0,2339.0,0,0,,,,,670.0,4124.0,288,1354,,,,,3db2b0363d551cb6e5e565b38ded8e75d3346fe3,1aec238e075ceb6260e1daed6692a38c441179e8,baf5a51ceffa4bbce6f9269625ef99333151d2bf,baf5a51ceffa4bbce6f9269625ef99333151d2bf,,,,,15.0,35.0,0,0,,,,,2.0,11.0,0,0,,,,,19.0,43.0,1,1,,,,,17.0,63.0,1,4,,,,,34.0,109.0
69d0a3bb-40c8-42a8-838d-1bb275f28d1b,0.0,0.0,,,,,,,112.0,278.0,,,,,,,0C6363FB-C326-4A84-AD82-0B706CF129B5,06CC0132-D629-4852-99C5-F357D3495E13,,,,,,,7.0,22.0,,,,,,,8.0,18.0,,,,,,,15.0,42.0,,,,,,,12.0,29.0,,,,,,,39.0,99.0
6afbdb8a-a1cf-4248-852a-24e56ee5766a,0.0,0.0,,,,,,,264.0,796.0,,,,,,,0212B8E1-8CA1-4453-9165-222396625D49,010418BD-BB6A-40E6-8D70-C25C523270DC,,,,,,,16.0,56.0,,,,,,,21.0,55.0,,,,,,,38.0,111.0,,,,,,,28.0,70.0,,,,,,,96.0,285.0
6d73aa4b-1be4-426b-8d6b-c811bd2170fa,2460.0,1193.0,,,,,,,721.0,235.0,,,,,,,065c5708a581f1c223faf664c0c74ca36f7741ec,065c5708a581f1c223faf664c0c74ca36f7741ec,,,,,,,9.0,8.0,,,,,,,1.0,8.0,,,,,,,10.0,9.0,,,,,,,8.0,6.0,,,,,,,18.0,22.0
6e12238e-2105-4bd3-be42-9b2ce1bf4946,1752.0,2189.0,,,,,,,10.0,4789.0,,,,,,,25d3ce7635ea28be80c65f0e604f440add16730e,5e03268ab95fb881d40b211299f36bfa9f472663,,,,,,,7.0,4.0,,,,,,,1.0,10.0,,,,,,,6.0,12.0,,,,,,,3.0,6.0,,,,,,,11.0,20.0
6e60c67a-9bb0-4818-9625-1afe9788fe6b,0.0,0.0,,,,,,,184.0,139.0,,,,,,,0EA72D4D-B4C0-44CE-AB83-A78425F0ACBA,0AC6838A-23E4-4865-BE40-A142F68B2E05,,,,,,,21.0,24.0,,,,,,,10.0,6.0,,,,,,,32.0,30.0,,,,,,,22.0,14.0,,,,,,,76.0,70.0
6fb4842f-8beb-4539-8b18-e21d89d3254e,0.0,0.0,,,,,,,231.0,375.0,,,,,,,031C3373-E964-466E-8152-57C132B2B7A5,001AE7FB-9105-4D12-A90A-AC3968A6F135,,,,,,,20.0,23.0,,,,,,,17.0,28.0,,,,,,,37.0,51.0,,,,,,,24.0,34.0,,,,,,,93.0,126.0
7230d0d5-fab8-4462-9952-69aee6866b04,0.0,0.0,,,,,,,215.0,155.0,,,,,,,212169C2-0FBC-4407-B87C-17733EBACD2B,004D0AD7-F4DE-4022-800E-CD8FDCA62683,,,,,,,21.0,21.0,,,,,,,7.0,9.0,,,,,,,28.0,30.0,,,,,,,23.0,18.0,,,,,,,73.0,70.0
7398824b-a04d-4252-afe8-d0f392a5cd48,0.0,0.0,,,,,,,242.0,810.0,,,,,,,10460811-6CC7-4AD7-949D-CB24A2A9F113,03734F4E-8956-444F-AB4D-E9F75274239B,,,,,,,23.0,36.0,,,,,,,15.0,60.0,,,,,,,38.0,97.0,,,,,,,33.0,82.0,,,,,,,94.0,250.0
785e9e8e-4ab0-4686-a95e-a25c6c2e2eee,0.0,2041.0,,,,,,,9.0,0.0,,,,,,,24e94148822cb39a566a02b9f110f7c1e9684e22,07ceeb09af3f63106c62b069951c37fd0ac8735c,,,,,,,0.0,4.0,,,,,,,2.0,2.0,,,,,,,4.0,6.0,,,,,,,2.0,0.0,,,,,,,4.0,6.0
79d3d50d-b736-43ba-8979-8ba6ff3d1e48,0.0,0.0,,,,,,,225.0,520.0,,,,,,,0875CEF9-9BE9-4D3F-9F48-A3AF4D8BBF9C,0A0F2D30-6E74-432C-9ED9-72537B35E1A1,,,,,,,6.0,5.0,,,,,,,12.0,31.0,,,,,,,18.0,36.0,,,,,,,16.0,34.0,,,,,,,51.0,99.0
7afaa986-9de6-4efe-9057-3fa969b1760c,0.0,0.0,,,,,,,93.0,77.0,,,,,,,3745F2E5-D581-49D3-A8CE-38E89116797A,03956B4E-FE5C-4753-A102-267B96D08333,,,,,,,14.0,19.0,,,,,,,3.0,5.0,,,,,,,17.0,24.0,,,,,,,11.0,16.0,,,,,,,41.0,63.0
811f021c-0ecf-4264-967d-f02f93c3d711,0.0,0.0,,,,,,,441.0,285.0,,,,,,,074C9E68-D577-410F-B772-DEB5D08960F5,0801AE95-C90C-49EF-B7EF-C4EBBE098B63,,,,,,,17.0,6.0,,,,,,,20.0,18.0,,,,,,,37.0,25.0,,,,,,,33.0,18.0,,,,,,,98.0,65.0
81443789-41c5-4277-9bbb-55336120c0c9,0.0,0.0,,,,,,,28.0,152.0,,,,,,,161C9B76-DC4B-43C9-B3F4-0B2931B72A86,70C854A0-12E5-4E08-A2B5-5AC64E720401,,,,,,,19.0,22.0,,,,,,,6.0,16.0,,,,,,,25.0,38.0,,,,,,,6.0,14.0,,,,,,,52.0,80.0
848429d2-612d-4b1c-82ff-e51dc40d3d07,0.0,0.0,,,,,,,162.0,222.0,,,,,,,14B5A3F4-296C-4CA0-BDBE-613B4517D3F4,0ABACC5B-9D0E-497F-8228-E670A324434D,,,,,,,4.0,9.0,,,,,,,10.0,19.0,,,,,,,14.0,28.0,,,,,,,12.0,23.0,,,,,,,38.0,75.0
85396fa9-14d7-47d6-9688-1771e6c3fa75,0.0,0.0,,,,,,,189.0,260.0,,,,,,,0BE992BB-CE18-46D5-92E7-4FE685836079,04D1347B-2849-4C43-9046-DAC41A0BC24E,,,,,,,13.0,12.0,,,,,,,11.0,16.0,,,,,,,24.0,28.0,,,,,,,20.0,25.0,,,,,,,62.0,80.0
86f36925-3207-486e-9f7f-c229efaae9c0,,160.0,,,,,,,,7.0,,,,,,,,05666bcf37a0b23089a4b857542c37ffa70d2d98,,,,,,,,2.0,,,,,,,,0.0,,,,,,,,2.0,,,,,,,,1.0,,,,,,,,3.0
87046549-2960-43b1-b1b9-358aac851b8a,0.0,0.0,,,,,,,318.0,375.0,,,,,,,0A7E5470-B474-4209-9D5C-FFCFC385BB4B,0A04B77B-6C79-4415-8B08-614177927D11,,,,,,,11.0,19.0,,,,,,,20.0,26.0,,,,,,,32.0,45.0,,,,,,,25.0,38.0,,,,,,,87.0,114.0
876f9317-9823-4ecb-9290-1b1cbd2ded3c,0.0,0.0,,,,,,,7.0,159.0,,,,,,,68BBADA4-D704-4BA7-886E-B3DAA222D590,0A05BA2B-36CD-4540-97CC-E23B374ECBC7,,,,,,,5.0,29.0,,,,,,,0.0,8.0,,,,,,,5.0,37.0,,,,,,,2.0,22.0,,,,,,,12.0,93.0
88d687ca-537d-4592-8691-22feeb116122,0.0,0.0,,,,,,,405.0,618.0,,,,,,,03E70C14-4578-4987-83F7-B3958965C31C,0B515757-6386-4A25-9888-07D5A9681899,,,,,,,22.0,34.0,,,,,,,24.0,39.0,,,,,,,46.0,73.0,,,,,,,37.0,58.0,,,,,,,121.0,196.0
8cf6b2a5-ca26-48cd-86e0-d3eca61d264b,0.0,0.0,,,,,,,376.0,82.0,,,,,,,3D912C86-48DE-4426-AF2D-643CBB778D9B,23881CF1-C611-42B4-8E76-FD8B6337D558,,,,,,,7.0,3.0,,,,,,,20.0,5.0,,,,,,,27.0,8.0,,,,,,,18.0,6.0,,,,,,,64.0,20.0
8e0a48eb-c371-4932-82ab-d9458c31b77c,0.0,0.0,,,,,,,102.0,161.0,,,,,,,4D019B61-A56A-4607-AB9B-399D623B48A2,0DBFDE65-0FB4-4E1B-BDC7-82B8DAAF39EA,,,,,,,5.0,9.0,,,,,,,6.0,15.0,,,,,,,11.0,24.0,,,,,,,9.0,19.0,,,,,,,27.0,60.0
924b4f99-c800-4f5f-9159-8b47a317ef34,0.0,0.0,,,,,,,65.0,287.0,,,,,,,811013D4-E191-43A1-8B02-C46ED21B4887,20EE7040-A16A-47E3-A9F4-687AB7A6DA6D,,,,,,,11.0,32.0,,,,,,,1.0,8.0,,,,,,,12.0,40.0,,,,,,,8.0,31.0,,,,,,,30.0,102.0
94aac48e-7cbb-4a8c-b47a-052d28eefa5a,0.0,0.0,,,,,,,447.0,210.0,,,,,,,082975E0-CA26-4A7A-A87B-71534CAAF63A,086111DC-0F6C-49CF-B7A6-AE97A56085DF,,,,,,,38.0,26.0,,,,,,,20.0,12.0,,,,,,,58.0,38.0,,,,,,,44.0,25.0,,,,,,,146.0,95.0
94c99ead-4f3e-4c68-8f51-08af25c64920,0.0,0.0,,,,,,,79.0,260.0,,,,,,,2ECC5517-CC66-4B9B-8A34-06ECFD2C677A,05A843F7-EDC6-43D4-8338-8961892D3314,,,,,,,5.0,18.0,,,,,,,8.0,18.0,,,,,,,13.0,36.0,,,,,,,9.0,31.0,,,,,,,30.0,93.0
95940265-9599-4ab5-bccf-b7d64e75f3f6,0.0,0.0,,,,,,,24.0,13.0,,,,,,,07BFE109-85C0-46C7-B8DA-8A3233E3C62C,1A02E9DB-F68E-42B5-8CC0-8DFFAAB14533,,,,,,,3.0,1.0,,,,,,,7.0,4.0,,,,,,,10.0,5.0,,,,,,,9.0,4.0,,,,,,,23.0,13.0
9a035626-2e6c-4aa5-a6cb-e47403a39d00,0.0,0.0,,,,,,,300.0,569.0,,,,,,,11871AE0-060E-4FAA-9D8F-61EC7A11D66C,0527669D-CB7E-44C4-9E2E-9D4F0FFB7D75,,,,,,,35.0,67.0,,,,,,,14.0,27.0,,,,,,,49.0,95.0,,,,,,,34.0,73.0,,,,,,,126.0,252.0
9bb46002-6fdb-4287-bfd3-bc3e2e57785f,1062.0,2778.0,,,,,,,2286.0,1970.0,,,,,,,3f5fc53672b9baa3f9c07ab8466225781ebfe7a9,bffa459d20988836694612a1a1cebea318a53d14,,,,,,,6.0,10.0,,,,,,,5.0,2.0,,,,,,,4.0,6.0,,,,,,,4.0,17.0,,,,,,,15.0,29.0
9d37754d-fb9f-46cf-a2a8-1232f3ad1071,0.0,0.0,,,,,,,152.0,113.0,,,,,,,45B5767B-E435-46C0-AB70-3997742E4307,0451583A-EFBA-48F0-AD35-425D75C90BB9,,,,,,,7.0,7.0,,,,,,,11.0,14.0,,,,,,,19.0,21.0,,,,,,,14.0,14.0,,,,,,,48.0,55.0
9e7d28be-3a29-406b-b3e3-d2fd2414605c,0.0,0.0,,,,,,,622.0,165.0,,,,,,,0DA5269C-2687-4013-A8D0-9CCED3C966EC,0E71A808-1645-4F48-9467-2910516F9D52,,,,,,,8.0,12.0,,,,,,,32.0,20.0,,,,,,,40.0,33.0,,,,,,,30.0,14.0,,,,,,,108.0,75.0
a2952ecb-5ee6-454a-81a6-16e908ee2e18,0.0,0.0,,,,,,,44.0,95.0,,,,,,,3168F9D3-6731-4AA9-AA80-3C22C6826DAD,03BBA1FE-D06D-4199-8386-4C03CF71B507,,,,,,,6.0,23.0,,,,,,,3.0,7.0,,,,,,,9.0,30.0,,,,,,,5.0,12.0,,,,,,,22.0,67.0
a36f9b21-57f2-46ef-bb33-a65e0c2b642c,0.0,0.0,,,,,,,230.0,339.0,,,,,,,2DC24E6C-0F78-49C9-A3D7-69073D8C73BA,03903563-788E-498D-A550-7D383B6AD20A,,,,,,,2.0,7.0,,,,,,,18.0,30.0,,,,,,,20.0,37.0,,,,,,,18.0,33.0,,,,,,,46.0,82.0
a3aa60d3-8acb-4e7b-b324-ac85c6c074d2,7397.0,16254.0,6347,3133,,,,,0.0,1621.0,0,0,,,,,7a53548007358763ab732c65a72bd24f899f5d77,2641fbe867fd461ef3f1a8e0d7515247ceddfcb0,7a53548007358763ab732c65a72bd24f899f5d77,bda9c274dce2c1422a199c5dd59b9fd77cae666e,,,,,2.0,6.0,1,1,,,,,9.0,9.0,8,3,,,,,4.0,17.0,1,1,,,,,1.0,21.0,0,1,,,,,12.0,36.0
a5ea9d2e-766c-4a6b-87b2-8bc4fe445a63,0.0,0.0,,,,,,,52.0,45.0,,,,,,,209DCA51-F853-40CE-A382-7E9AE1CE7144,1722A222-CED1-4A4E-A661-1E32141AD245,,,,,,,16.0,13.0,,,,,,,10.0,11.0,,,,,,,26.0,24.0,,,,,,,20.0,17.0,,,,,,,65.0,64.0
a8ba94f4-d3e6-452c-adf8-4d1e0984a6d1,0.0,0.0,,,,,,,100.0,167.0,,,,,,,5EAD3640-E257-42A4-97D6-FF51B030C8BA,0AF819D2-E765-404B-9B75-E31E4F3E3D16,,,,,,,10.0,13.0,,,,,,,5.0,7.0,,,,,,,15.0,20.0,,,,,,,12.0,15.0,,,,,,,36.0,50.0
a9836b94-4e9e-498f-aa65-0cd76d330641,0.0,0.0,,,,,,,153.0,293.0,,,,,,,091EAA23-92CF-4CEC-8EDC-6E334CDE9E49,278EF0F3-9F20-4C82-998B-0BB3C76C8F28,,,,,,,15.0,11.0,,,,,,,10.0,21.0,,,,,,,25.0,32.0,,,,,,,19.0,25.0,,,,,,,66.0,82.0
ad5083ca-82c9-435b-9776-03837a5aed8c,0.0,0.0,,,,,,,64.0,103.0,,,,,,,03F5F4F4-55D6-47D0-B5DA-1355344D273A,241D6AD4-75F0-44DE-B692-71EE1B2E326B,,,,,,,6.0,12.0,,,,,,,4.0,4.0,,,,,,,10.0,17.0,,,,,,,7.0,12.0,,,,,,,25.0,41.0
ad6f1e0f-32ef-4b74-9c04-876609ba1e55,0.0,0.0,,,,,,,28.0,121.0,,,,,,,398B15C3-6966-4632-8EE7-896702E3CEC7,15979767-65B3-4614-BCC1-7582E9C7E277,,,,,,,0.0,2.0,,,,,,,2.0,7.0,,,,,,,2.0,9.0,,,,,,,2.0,9.0,,,,,,,6.0,26.0
afeb5dcc-28b1-4088-9942-3e24bc05508d,1200.0,517.0,,,,,,,1559.0,534.0,,,,,,,8abe9e7d747b3fee24922079cad70a4a2f6aba15,8abe9e7d747b3fee24922079cad70a4a2f6aba15,,,,,,,7.0,3.0,,,,,,,2.0,0.0,,,,,,,11.0,2.0,,,,,,,13.0,1.0,,,,,,,22.0,4.0
b1ea5753-4aac-464c-996b-52c418e5782c,609.0,0.0,,,,,,,8563.0,37.0,,,,,,,c4241b8db34702c63eff78feefa073f203d5558c,45118ba92548f818c262a0481c61fb6d19325e8c,,,,,,,5.0,0.0,,,,,,,3.0,0.0,,,,,,,9.0,1.0,,,,,,,8.0,1.0,,,,,,,16.0,1.0
b24dc8d4-e952-4d4a-bbd8-0841ea7d87ee,0.0,0.0,,,,,,,201.0,257.0,,,,,,,1A4F1275-EBCD-4B27-88D7-7EFD201B46C2,1AB99341-5108-4051-A292-A9A55DCA3955,,,,,,,4.0,13.0,,,,,,,12.0,18.0,,,,,,,16.0,33.0,,,,,,,14.0,28.0,,,,,,,41.0,85.0
b36df7c0-cf05-42de-9ed6-704c2f02e3da,1333.0,16.0,,,,,,,106.0,18.0,,,,,,,dadd33025ac660f65c86373f857a99c01abf4d7f,e729a096a6c30c9f523e56329b4cdc7993d83b00,,,,,,,7.0,1.0,,,,,,,1.0,1.0,,,,,,,9.0,3.0,,,,,,,5.0,2.0,,,,,,,13.0,4.0
b771f307-fb8e-49e2-a533-2b4145073203,36.0,105.0,,,,,,,19.0,136.0,,,,,,,bf1a0a273dca30da7dce0abf75eef46dcea01c2d,62759181115160f63a4bb3fec1c879c8a08f2daf,,,,,,,1.0,3.0,,,,,,,1.0,1.0,,,,,,,3.0,3.0,,,,,,,1.0,2.0,,,,,,,3.0,6.0
b8484a00-842a-4aa3-a008-07dc9580bb3a,0.0,0.0,,,,,,,305.0,356.0,,,,,,,01DEFB30-C656-43D3-ADCB-284B78394872,02A40BB4-ACCD-40D7-85F3-7F6D53AD992C,,,,,,,14.0,34.0,,,,,,,10.0,14.0,,,,,,,24.0,48.0,,,,,,,18.0,37.0,,,,,,,61.0,128.0
b9c40632-ca4b-4b45-8f61-99e146c671b6,0.0,0.0,,,,,,,210.0,403.0,,,,,,,1992F2F4-D0B2-465F-BF4F-A7D95372AA2A,07602B6C-D0B2-4167-AFF4-2D6199D8D73D,,,,,,,11.0,28.0,,,,,,,9.0,30.0,,,,,,,20.0,59.0,,,,,,,18.0,41.0,,,,,,,50.0,146.0
bb3effb0-4439-4ace-b82e-0c779734431a,0.0,0.0,,,,,,,17.0,101.0,,,,,,,0C1F5A66-22E7-4D51-868E-8D106B1925E7,0931EF7E-7E72-4D1A-92EA-E788AC2F5606,,,,,,,7.0,13.0,,,,,,,1.0,20.0,,,,,,,8.0,33.0,,,,,,,5.0,25.0,,,,,,,21.0,87.0
bedd078a-f665-46f2-bdc5-ab3535a4708e,1228.0,1035.0,,,,,,,2058.0,1349.0,,,,,,,e8e0184d104af0e0ecf22a5895a82a783eafd81b,e8e0184d104af0e0ecf22a5895a82a783eafd81b,,,,,,,1.0,4.0,,,,,,,4.0,4.0,,,,,,,3.0,5.0,,,,,,,2.0,3.0,,,,,,,7.0,11.0
c180cf15-e68a-4136-9b03-c33220dc5738,0.0,0.0,,,,,,,14.0,15.0,,,,,,,0DA18041-867A-496F-B388-7435D3C82946,1F342466-C764-4C58-9C21-9EDF6DC63F3C,,,,,,,2.0,5.0,,,,,,,2.0,3.0,,,,,,,4.0,8.0,,,,,,,2.0,3.0,,,,,,,9.0,19.0
c24ab734-cf32-40d2-a0d5-25c363984387,0.0,0.0,,,,,,,63.0,73.0,,,,,,,00ABA6E9-AF86-42E9-AC90-E78C4F7004AC,0EA73BE1-3B4F-445B-833C-4AA85349F6A9,,,,,,,6.0,13.0,,,,,,,9.0,8.0,,,,,,,15.0,21.0,,,,,,,10.0,12.0,,,,,,,38.0,51.0
c7650b38-6fb9-4305-bf13-d4f8a40b4dbe,0.0,0.0,,,,,,,12.0,35.0,,,,,,,DC62E45A-A9B4-43B1-A92A-76700A9EC88D,03F71EE2-9DAB-4B31-BFD7-17D9D0D1AFCC,,,,,,,5.0,15.0,,,,,,,1.0,7.0,,,,,,,6.0,22.0,,,,,,,2.0,11.0,,,,,,,13.0,48.0
cb952516-48ff-4504-a9e6-080161ee7f8d,96.0,618.0,,272.0,,,,,13.0,1153.0,,0.0,,,,,1021c030ce8a172f3d7df89b30e5bd48279885c6,bc98808378acb99cf4d40b15df16b32b628ee4a6,,a1a49d358af332ab383dffac1f14824a11285b2f,,,,,3.0,11.0,,1.0,,,,,3.0,7.0,,0.0,,,,,5.0,13.0,,1.0,,,,,1.0,20.0,,0.0,,,,,7.0,38.0
ccb6e01b-3dc3-4f63-b1dc-f028fce9463f,0.0,0.0,,,,,,,367.0,598.0,,,,,,,004E6F1E-FA58-4F38-BE6A-E1E9AB2D3D9C,103A9312-E786-4992-B064-A759D8632083,,,,,,,22.0,28.0,,,,,,,27.0,55.0,,,,,,,50.0,83.0,,,,,,,43.0,65.0,,,,,,,135.0,219.0
cd031b30-d6b4-479f-877f-7a8467135ea4,0.0,0.0,,,,,,,6.0,25.0,,,,,,,67692461-1732-4714-94EC-A2D5E34ECE32,1A8E2AE1-919B-4CDB-98D4-7E2DA0E62330,,,,,,,4.0,5.0,,,,,,,0.0,1.0,,,,,,,4.0,6.0,,,,,,,1.0,4.0,,,,,,,9.0,15.0
cd20f78a-3ab7-4bb5-b400-e4af17ddef1f,0.0,0.0,,,,,,,201.0,253.0,,,,,,,40B9C1D4-2079-4E45-BAB7-0813821DF3E3,08A36140-E6E7-4CAD-A183-87501B855BBA,,,,,,,0.0,6.0,,,,,,,10.0,19.0,,,,,,,10.0,25.0,,,,,,,8.0,15.0,,,,,,,28.0,64.0
cf5aaf0c-8b7b-4781-9109-cd32e2b8588e,18.0,682.0,0.0,,,,,,2642.0,0.0,280.0,,,,,,7221d4ffd6a48adbb70018c3264e9ec8399321fe,36ed9add1bcacb4759e8cbdfcdeafade6a146837,99d4a0ff90c454726157f60b95b0a9965a54059f,,,,,,4.0,4.0,0.0,,,,,,2.0,0.0,0.0,,,,,,6.0,4.0,1.0,,,,,,6.0,1.0,1.0,,,,,,12.0,5.0
d0a1ab1f-7d61-4071-a0e5-21d31dcbf7d4,0.0,0.0,,,,,,,240.0,70.0,,,,,,,0BFDC2BA-3193-4431-B3D8-09A2BE30A693,0C888FD6-7043-48D4-AEAA-F8F5246F2F29,,,,,,,4.0,11.0,,,,,,,22.0,8.0,,,,,,,26.0,19.0,,,,,,,24.0,11.0,,,,,,,74.0,48.0
d1ac58f8-4334-4249-ad23-1746fed138b1,0.0,0.0,,,,,,,112.0,232.0,,,,,,,12C69E2B-99C9-43F9-9E45-7DDC36C4FA85,04CD1CF9-BE31-49F9-91F8-2D3EFDAFE8F3,,,,,,,2.0,16.0,,,,,,,11.0,23.0,,,,,,,13.0,40.0,,,,,,,9.0,25.0,,,,,,,29.0,96.0
d1ff441d-a66a-45ab-b1b2-372042b29762,0.0,0.0,,,,,,,135.0,183.0,,,,,,,123E941D-9D6C-4703-810E-F2AEAAFFAEED,01D00609-CD88-4F66-B092-ABDC5E0A92DE,,,,,,,16.0,22.0,,,,,,,27.0,25.0,,,,,,,43.0,47.0,,,,,,,37.0,40.0,,,,,,,115.0,129.0
d26777b1-b3b5-4e7c-adf8-5a8264e2ddc6,0.0,0.0,,,,,,,227.0,335.0,,,,,,,02C1305A-B51B-49E1-99EF-6150325C8A2A,09D7184C-B206-4D84-B358-A53585BBD816,,,,,,,12.0,23.0,,,,,,,18.0,26.0,,,,,,,30.0,49.0,,,,,,,26.0,41.0,,,,,,,79.0,136.0
d5aac654-91bb-4ae4-b8cf-5704421fd07e,0.0,0.0,,,,,,,104.0,329.0,,,,,,,0E286A50-9E71-4041-926F-748B63ADD79E,1583A2DC-3BE3-4763-A8F3-679C8801743D,,,,,,,11.0,14.0,,,,,,,5.0,21.0,,,,,,,16.0,36.0,,,,,,,13.0,30.0,,,,,,,40.0,97.0
d87719f9-6868-47bb-91d5-02acf9190f94,0.0,0.0,,,,,,,194.0,215.0,,,,,,,0087F2FC-7F35-45A7-AF75-EFEED2CF78B1,08E0B981-158E-4857-8A92-0F1BB3DFE210,,,,,,,5.0,6.0,,,,,,,11.0,16.0,,,,,,,16.0,22.0,,,,,,,13.0,16.0,,,,,,,44.0,50.0
db4bc043-4f67-418c-bd8a-e15543032389,,0.0,,,,0,,,,0.0,,,,0,,,,42ac9d75f03f84eb00cdae16deb29ccee4116aa0,,,,bc17fbc9e4946c0fa555cd1b29c142122e4df063,,,,0.0,,,,0,,,,0.0,,,,0,,,,3.0,,,,1,,,,3.0,,,,1,,,,3.0
dba4459b-ef47-43cc-b721-364c0406f355,0.0,0.0,,,,,,,86.0,193.0,,,,,,,043D7A07-B3A5-4116-BBB6-E22533BCBDB7,0123C633-BD09-43B6-9A4D-012EFA1F8DDC,,,,,,,7.0,23.0,,,,,,,15.0,20.0,,,,,,,22.0,43.0,,,,,,,10.0,23.0,,,,,,,52.0,105.0
dec05b58-d6d4-4478-b730-3fd040c4e52d,279.0,1173.0,,,,,,,46.0,887.0,,,,,,,15fec493c2ee376aaa0f89705fde461455d1521b,71a26eb24fa8909a04c639278c1802096c4be953,,,,,,,4.0,6.0,,,,,,,4.0,2.0,,,,,,,7.0,5.0,,,,,,,3.0,5.0,,,,,,,11.0,13.0
dfa65587-95f0-4384-9d81-64a15e78bf16,0.0,0.0,,,,,,,671.0,389.0,,,,,,,039DCFC9-6BA4-4EA3-9D3F-D3C853C08727,0218159D-451C-4B41-8D88-FF9A9561319A,,,,,,,20.0,33.0,,,,,,,44.0,35.0,,,,,,,64.0,69.0,,,,,,,50.0,49.0,,,,,,,173.0,179.0
e1f9e6dd-d065-4590-b3da-8074a91dce27,0.0,0.0,,,,,,,54.0,105.0,,,,,,,30944350-32C2-4394-B2B9-722D1E4CD272,031F46ED-F9F0-467B-AE3C-2A3BD15DCEB3,,,,,,,10.0,13.0,,,,,,,1.0,7.0,,,,,,,11.0,20.0,,,,,,,9.0,13.0,,,,,,,28.0,50.0
e261bc00-2e1f-4c98-8511-deedb1d77739,0.0,0.0,,,,,,,363.0,348.0,,,,,,,0790D225-2A59-404C-944B-A6C0697AAFA4,331AE32E-7A48-45E5-A1EC-507587B7BB1B,,,,,,,15.0,19.0,,,,,,,23.0,31.0,,,,,,,38.0,50.0,,,,,,,29.0,29.0,,,,,,,96.0,116.0
e288098a-788a-4d3b-8fa2-0cf863eebf75,0.0,0.0,,,,,,,79.0,160.0,,,,,,,7C7BB8C1-EF07-456C-AE86-6E0F6385ED24,241D1BCB-5271-41A1-97AE-4EB752844AEA,,,,,,,4.0,7.0,,,,,,,3.0,9.0,,,,,,,7.0,16.0,,,,,,,6.0,12.0,,,,,,,17.0,38.0
e322dd4d-798b-4536-af6f-fe3404a15fce,0.0,0.0,,,,,,,178.0,157.0,,,,,,,5044193A-1191-43D5-AC5B-6DCF9391FF61,07219B14-D650-45A1-8E5D-1A4F57D516A1,,,,,,,3.0,11.0,,,,,,,7.0,10.0,,,,,,,10.0,21.0,,,,,,,10.0,16.0,,,,,,,29.0,55.0
e5847047-48e7-4aec-9ab2-e03a432ad442,,0.0,,,,,,,,91.0,,,,,,,,04106923-5851-4B75-BEC4-95481A7B4BF1,,,,,,,,12.0,,,,,,,,9.0,,,,,,,,21.0,,,,,,,,15.0,,,,,,,,54.0
e6ad33da-3083-4dad-85a6-b06dd345975b,1858.0,3228.0,,,,,,,7311.0,18391.0,,,,,,,d1f726b386f95b80e0a3b4d7c0318e506e1de3da,d1f726b386f95b80e0a3b4d7c0318e506e1de3da,,,,,,,8.0,29.0,,,,,,,4.0,10.0,,,,,,,16.0,25.0,,,,,,,26.0,85.0,,,,,,,38.0,124.0
e9d0cdd9-b664-453d-9bcf-c5f560519dc9,0.0,0.0,,,,,,,435.0,372.0,,,,,,,173E68AD-57EE-4389-88E8-8493A6EE186D,06177A11-30BB-4913-80F4-76120F3F9C1E,,,,,,,8.0,12.0,,,,,,,26.0,37.0,,,,,,,34.0,49.0,,,,,,,24.0,28.0,,,,,,,77.0,111.0
eb8051d8-bc9c-47f9-b663-89583b35f37b,0.0,0.0,,,,,,,68.0,384.0,,,,,,,1DF2A150-0717-4023-AF98-F6EDA0A904B4,03340EE1-8487-4747-A985-A435E5E2FBBC,,,,,,,6.0,21.0,,,,,,,8.0,31.0,,,,,,,14.0,54.0,,,,,,,9.0,39.0,,,,,,,36.0,130.0
ec54b478-47e0-444d-90a1-bfb45b416bee,0.0,0.0,,,,,,,81.0,36.0,,,,,,,0EF9042B-4755-468B-8AAA-788DDE18AC97,1B1DC7E4-734F-49CE-BC80-56C218B6F510,,,,,,,4.0,6.0,,,,,,,4.0,8.0,,,,,,,8.0,14.0,,,,,,,5.0,5.0,,,,,,,21.0,32.0
ee099a8f-8baf-408e-bf0f-3cf1a3d51790,0.0,0.0,,,,,,,0.0,99.0,,,,,,,00E9B88B-11AF-41C9-9DAA-636E6DEA4567,294166F0-D238-47B1-A528-B027E6A4906E,,,,,,,5.0,16.0,,,,,,,1.0,6.0,,,,,,,6.0,22.0,,,,,,,0.0,11.0,,,,,,,12.0,50.0
ee6eb822-8fdb-4821-b759-5dedcfadd2f2,0.0,0.0,,,,,,,90.0,291.0,,,,,,,12060BFC-A8C5-4877-B964-A590B32D28B5,0A71F858-4026-484C-9103-DFBBE9598DBF,,,,,,,8.0,24.0,,,,,,,5.0,13.0,,,,,,,13.0,37.0,,,,,,,10.0,27.0,,,,,,,35.0,93.0
f2eb226f-61b4-44b9-8e1d-4f6de1438a29,2094.0,,,,,,,,435.0,,,,,,,,5930718c3443b2f0ae686692821124a88c74b0c7,,,,,,,,8.0,,,,,,,,3.0,,,,,,,,2.0,,,,,,,,4.0,,,,,,,,15.0,
f4f84e15-621a-4900-96f1-a8d058066570,0.0,0.0,,,,,,,46.0,83.0,,,,,,,04B1B1A5-B125-43C8-8BD6-3802F4C3C0F6,0D5A5B29-31CD-44A1-BAC8-E63F04E289EA,,,,,,,14.0,21.0,,,,,,,3.0,5.0,,,,,,,17.0,27.0,,,,,,,5.0,10.0,,,,,,,37.0,62.0
f5de7b18-5058-41c2-b957-da926c7dcba9,0.0,0.0,,,,,,,130.0,907.0,,,,,,,055A6606-22F1-4331-B3A4-95EA8C17819A,0F680C54-0402-4704-B043-1FBB17293FE6,,,,,,,6.0,11.0,,,,,,,15.0,56.0,,,,,,,21.0,68.0,,,,,,,14.0,56.0,,,,,,,54.0,185.0
f7ea4330-8f1c-4042-b5ea-13726c70efb1,0.0,0.0,,,,,,,196.0,678.0,,,,,,,1418E889-0F6E-4A29-8F8F-9C0FEB5AFFC7,04118C2C-B8AA-4B82-919D-D8EFA478A576,,,,,,,5.0,12.0,,,,,,,18.0,43.0,,,,,,,23.0,56.0,,,,,,,16.0,47.0,,,,,,,55.0,137.0
f92b4712-d45b-4aa6-bacc-fee783b55290,0.0,0.0,,,,,,,144.0,158.0,,,,,,,36ABD202-61C8-4EC8-8B64-A8E21B07CA4A,02760597-1E5B-4C52-9435-0C4E3888032C,,,,,,,4.0,9.0,,,,,,,9.0,9.0,,,,,,,13.0,18.0,,,,,,,10.0,13.0,,,,,,,34.0,46.0
fd5999a3-6d93-4479-8a7a-91fb7f8f0270,0.0,0.0,,,,,,,494.0,678.0,,,,,,,01ADF296-5FE2-4DE8-A89B-E91AA9B18052,01D87044-8290-4644-AB76-E2220DF4F9C5,,,,,,,82.0,102.0,,,,,,,43.0,62.0,,,,,,,125.0,164.0,,,,,,,96.0,115.0,,,,,,,331.0,424.0
fe880b1f-df9c-476f-a7b3-ac363000fee7,0.0,0.0,,,,,,,91.0,211.0,,,,,,,1AB9A5EA-CE72-495D-8CA4-992A9ECC2DC4,087A5853-FE7B-4A5E-871E-9CBC7FD4B69E,,,,,,,14.0,21.0,,,,,,,7.0,13.0,,,,,,,21.0,35.0,,,,,,,11.0,24.0,,,,,,,49.0,90.0
fe94368f-79f1-48b2-a40e-234130e09164,0.0,0.0,,,,,,,368.0,460.0,,,,,,,06C2DAFB-D0EF-4B50-8A5C-C9794FEA2FA4,04269B81-E36A-476D-A492-59781CB65CE0,,,,,,,21.0,30.0,,,,,,,27.0,29.0,,,,,,,48.0,59.0,,,,,,,30.0,41.0,,,,,,,112.0,144.0
